dt,gyro_z,v_meas,v_sigma,a_lat,mask_gnss,e_gnss,n_gnss
0.1000,-0.380515,8.7131,1.7890,-3.6995,1,584.647,-1409.482
0.1000,-0.378757,-1.0000,1.7890,-3.4064,1,584.647,-1409.482
0.1000,-0.378638,-1.0000,1.7890,-3.6195,1,584.647,-1409.482
0.1000,-0.378907,-1.0000,1.7890,-2.2097,1,584.647,-1409.482
0.1000,-0.379072,-1.0000,1.7890,-3.6854,1,584.647,-1409.482
0.1000,-0.379051,-1.0000,1.7890,-3.4374,1,584.647,-1409.482
0.1000,-0.377872,-1.0000,1.7890,-3.8215,1,584.647,-1409.482
0.1000,-0.379181,-1.0000,1.7890,-2.9043,1,584.647,-1409.482
0.1000,-0.380459,-1.0000,1.7890,-4.1250,1,584.647,-1409.482
0.1000,-0.378361,-1.0000,1.7890,-3.5635,1,584.647,-1409.482
0.1000,-0.381296,5.9307,1.5637,-2.9412,1,584.647,-1409.482
0.1000,-0.378181,-1.0000,1.5637,-4.2043,1,584.647,-1409.482
0.1000,-0.378760,-1.0000,1.5637,-3.5880,1,584.647,-1409.482
0.1000,-0.379526,-1.0000,1.5637,-3.5937,1,584.647,-1409.482
0.1000,-0.380019,-1.0000,1.5637,-3.7120,1,584.647,-1409.482
0.1000,-0.378748,-1.0000,1.5637,-4.4805,1,584.647,-1409.482
0.1000,-0.379439,-1.0000,1.5637,-3.6093,1,584.647,-1409.482
0.1000,-0.380368,-1.0000,1.5637,-2.6433,1,584.647,-1409.482
0.1000,-0.379421,-1.0000,1.5637,-2.2191,1,584.647,-1409.482
0.1000,-0.379180,-1.0000,1.5637,-2.5023,1,584.647,-1409.482
0.1000,-0.380062,17.5018,2.9788,-2.7496,1,584.647,-1409.482
0.1000,-0.379074,-1.0000,2.9788,-3.2471,1,584.647,-1409.482
0.1000,-0.378494,-1.0000,2.9788,-4.2050,1,584.647,-1409.482
0.1000,-0.379708,-1.0000,2.9788,-2.4637,1,584.647,-1409.482
0.1000,-0.379121,-1.0000,2.9788,-4.1181,1,584.647,-1409.482
0.1000,-0.379238,-1.0000,2.9788,-3.6634,1,584.647,-1409.482
0.1000,-0.379133,-1.0000,2.9788,-3.3206,1,584.647,-1409.482
0.1000,0.005246,-1.0000,2.9788,-1.3582,1,584.647,-1409.482
0.1000,0.005678,-1.0000,2.9788,-0.3501,1,584.647,-1409.482
0.1000,0.005108,-1.0000,2.9788,1.5517,1,584.647,-1409.482
0.1000,0.005436,12.7096,2.0720,-0.8657,1,584.647,-1409.482
0.1000,0.005509,-1.0000,2.0720,-0.1295,1,584.647,-1409.482
0.1000,0.005197,-1.0000,2.0720,-0.0254,1,584.647,-1409.482
0.1000,0.004970,-1.0000,2.0720,1.8009,1,584.647,-1409.482
0.1000,0.004408,-1.0000,2.0720,0.6522,1,584.647,-1409.482
0.1000,0.006544,-1.0000,2.0720,-0.5396,1,584.647,-1409.482
0.1000,0.005237,-1.0000,2.0720,1.1854,1,584.647,-1409.482
0.1000,0.003183,-1.0000,2.0720,0.7450,1,584.647,-1409.482
0.1000,0.004138,-1.0000,2.0720,-1.2895,1,584.647,-1409.482
0.1000,0.005691,-1.0000,2.0720,-1.1979,1,584.647,-1409.482
0.1000,0.005092,11.7834,1.6511,-1.2856,1,584.647,-1409.482
0.1000,0.004195,-1.0000,1.6511,-1.2665,1,584.647,-1409.482
0.1000,0.005234,-1.0000,1.6511,1.6535,1,584.647,-1409.482
0.1000,0.005824,-1.0000,1.6511,0.1798,1,584.647,-1409.482
0.1000,0.003106,-1.0000,1.6511,-0.1450,1,584.647,-1409.482
0.1000,0.006345,-1.0000,1.6511,0.1610,1,584.647,-1409.482
0.1000,0.005094,-1.0000,1.6511,-0.1216,1,584.647,-1409.482
0.1000,0.004715,-1.0000,1.6511,0.0782,1,584.647,-1409.482
0.1000,0.006721,-1.0000,1.6511,1.1937,1,584.647,-1409.482
0.1000,0.005229,-1.0000,1.6511,2.5770,1,584.647,-1409.482
0.1000,0.006316,13.7214,1.8666,-0.0319,1,584.647,-1409.482
0.1000,0.005578,-1.0000,1.8666,-0.6078,1,584.647,-1409.482
0.1000,0.005378,-1.0000,1.8666,-3.0518,1,584.647,-1409.482
0.1000,0.004625,-1.0000,1.8666,0.1710,1,584.647,-1409.482
0.1000,0.005898,-1.0000,1.8666,-1.2483,1,584.647,-1409.482
0.1000,0.005995,-1.0000,1.8666,1.7382,1,584.647,-1409.482
0.1000,0.005122,-1.0000,1.8666,0.9024,1,584.647,-1409.482
0.1000,0.005140,-1.0000,1.8666,0.2872,1,584.647,-1409.482
0.1000,0.005972,-1.0000,1.8666,-0.4551,1,584.647,-1409.482
0.1000,0.004670,-1.0000,1.8666,0.9302,1,584.647,-1409.482
0.1000,0.004892,13.0897,1.7610,-0.7342,1,584.647,-1409.482
0.1000,0.005430,-1.0000,1.7610,0.3315,1,584.647,-1409.482
0.1000,0.005992,-1.0000,1.7610,-1.6455,1,584.647,-1409.482
0.1000,0.005998,-1.0000,1.7610,1.1974,1,584.647,-1409.482
0.1000,0.005139,-1.0000,1.7610,0.3746,1,584.647,-1409.482
0.1000,0.005288,-1.0000,1.7610,0.7304,1,584.647,-1409.482
0.1000,0.004614,-1.0000,1.7610,-2.3616,1,584.647,-1409.482
0.1000,0.004295,-1.0000,1.7610,-0.4491,1,584.647,-1409.482
0.1000,0.004571,-1.0000,1.7610,0.6895,1,584.647,-1409.482
0.1000,0.005538,-1.0000,1.7610,-3.4723,1,584.647,-1409.482
0.1000,0.004619,12.5211,1.5950,0.2790,1,584.647,-1409.482
0.1000,0.005293,-1.0000,1.5950,-0.9875,1,584.647,-1409.482
0.1000,0.005784,-1.0000,1.5950,-0.6082,1,584.647,-1409.482
0.1000,0.004521,-1.0000,1.5950,-0.3141,1,584.647,-1409.482
0.1000,0.006364,-1.0000,1.5950,0.1941,1,584.647,-1409.482
0.1000,0.005433,-1.0000,1.5950,-0.3084,1,584.647,-1409.482
0.1000,0.004699,-1.0000,1.5950,0.4217,1,584.647,-1409.482
0.1000,0.005061,-1.0000,1.5950,1.0259,1,584.647,-1409.482
0.1000,0.005503,-1.0000,1.5950,-1.3047,1,584.647,-1409.482
0.1000,0.006831,-1.0000,1.5950,-1.8341,1,584.647,-1409.482
0.1000,0.005304,13.2658,1.7676,-0.1208,1,584.647,-1409.482
0.1000,0.006124,-1.0000,1.7676,-1.4289,1,584.647,-1409.482
0.1000,0.004279,-1.0000,1.7676,-0.9677,1,584.647,-1409.482
0.1000,0.006436,-1.0000,1.7676,-2.0614,1,584.647,-1409.482
0.1000,0.004352,-1.0000,1.7676,1.4292,1,584.647,-1409.482
0.1000,0.003808,-1.0000,1.7676,1.5466,1,584.647,-1409.482
0.1000,0.005700,-1.0000,1.7676,0.3303,1,584.647,-1409.482
0.1000,0.007313,-1.0000,1.7676,2.7716,1,584.647,-1409.482
0.1000,0.004668,-1.0000,1.7676,0.4844,1,584.647,-1409.482
0.1000,0.006065,-1.0000,1.7676,-1.3355,1,584.647,-1409.482
0.1000,0.004273,16.9585,2.1659,2.2225,1,584.647,-1409.482
0.1000,0.004934,-1.0000,2.1659,-0.0209,1,584.647,-1409.482
0.1000,0.006592,-1.0000,2.1659,0.5852,1,584.647,-1409.482
0.1000,0.004971,-1.0000,2.1659,0.7869,1,584.647,-1409.482
0.1000,0.005807,-1.0000,2.1659,-1.7579,1,584.647,-1409.482
0.1000,0.004640,-1.0000,2.1659,0.1513,1,584.647,-1409.482
0.1000,0.006445,-1.0000,2.1659,-1.2367,1,584.647,-1409.482
0.1000,0.004880,-1.0000,2.1659,-1.3481,1,584.647,-1409.482
0.1000,0.004335,-1.0000,2.1659,-0.6512,1,584.647,-1409.482
0.1000,0.004568,-1.0000,2.1659,-1.1153,1,584.647,-1409.482
0.1000,0.004995,13.7682,1.7537,-1.7382,1,584.647,-1409.482
0.1000,0.004623,-1.0000,1.7537,-1.8593,1,584.647,-1409.482
0.1000,0.006567,-1.0000,1.7537,0.6465,1,584.647,-1409.482
0.1000,0.004264,-1.0000,1.7537,-1.0037,1,584.647,-1409.482
0.1000,0.006778,-1.0000,1.7537,-0.3053,1,584.647,-1409.482
0.1000,0.004530,-1.0000,1.7537,-1.0672,1,584.647,-1409.482
0.1000,0.004437,-1.0000,1.7537,-0.3981,1,584.647,-1409.482
0.1000,0.006894,-1.0000,1.7537,1.0627,1,584.647,-1409.482
0.1000,0.005527,-1.0000,1.7537,-0.7236,1,584.647,-1409.482
0.1000,0.005843,-1.0000,1.7537,-0.5598,1,584.647,-1409.482
0.1000,0.006836,16.2484,2.1533,-0.3265,1,584.647,-1409.482
0.1000,0.004331,-1.0000,2.1533,-0.9690,1,584.647,-1409.482
0.1000,0.004476,-1.0000,2.1533,-0.2613,1,584.647,-1409.482
0.1000,0.006867,-1.0000,2.1533,0.6529,1,584.647,-1409.482
0.1000,0.005801,-1.0000,2.1533,1.2762,1,584.647,-1409.482
0.1000,0.004333,-1.0000,2.1533,-0.8458,1,584.647,-1409.482
0.1000,0.006361,-1.0000,2.1533,0.4250,1,584.647,-1409.482
0.1000,0.005385,-1.0000,2.1533,-0.2516,1,584.647,-1409.482
0.1000,0.005466,-1.0000,2.1533,3.2840,1,584.647,-1409.482
0.1000,0.005738,-1.0000,2.1533,-1.8297,1,584.647,-1409.482
0.1000,0.006088,16.5831,2.2275,1.9649,1,584.647,-1409.482
0.1000,0.006356,-1.0000,2.2275,-0.6475,1,584.647,-1409.482
0.1000,0.005045,-1.0000,2.2275,-3.0889,1,584.647,-1409.482
0.1000,0.005162,-1.0000,2.2275,-2.2314,1,584.647,-1409.482
0.1000,0.004773,-1.0000,2.2275,-2.2969,1,584.647,-1409.482
0.1000,0.005914,-1.0000,2.2275,-1.8383,1,584.647,-1409.482
0.1000,0.005191,-1.0000,2.2275,2.0401,1,584.647,-1409.482
0.1000,0.005102,-1.0000,2.2275,1.9220,1,584.647,-1409.482
0.1000,0.005069,-1.0000,2.2275,1.6750,1,584.647,-1409.482
0.1000,0.006205,-1.0000,2.2275,-1.9219,1,584.647,-1409.482
0.1000,0.005922,16.6467,2.1069,-0.1653,1,584.647,-1409.482
0.1000,0.003478,-1.0000,2.1069,-0.7267,1,584.647,-1409.482
0.1000,0.004233,-1.0000,2.1069,1.1051,1,584.647,-1409.482
0.1000,0.004151,-1.0000,2.1069,-0.5065,1,584.647,-1409.482
0.1000,0.006659,-1.0000,2.1069,0.3206,1,584.647,-1409.482
0.1000,0.004799,-1.0000,2.1069,1.3535,1,584.647,-1409.482
0.1000,0.005572,-1.0000,2.1069,-0.4119,1,584.647,-1409.482
0.1000,0.005699,-1.0000,2.1069,-2.1471,1,584.647,-1409.482
0.1000,0.004967,-1.0000,2.1069,2.0793,1,584.647,-1409.482
0.1000,0.005669,-1.0000,2.1069,-3.0450,1,584.647,-1409.482
0.1000,0.005419,17.0398,2.2997,-0.5316,1,584.647,-1409.482
0.1000,0.005023,-1.0000,2.2997,-0.7279,1,584.647,-1409.482
0.1000,0.004874,-1.0000,2.2997,0.5694,1,584.647,-1409.482
0.1000,0.006204,-1.0000,2.2997,2.5610,1,584.647,-1409.482
0.1000,0.004440,-1.0000,2.2997,-0.3213,1,584.647,-1409.482
0.1000,0.004209,-1.0000,2.2997,2.3114,1,584.647,-1409.482
0.1000,0.004904,-1.0000,2.2997,0.0896,1,584.647,-1409.482
0.1000,0.004067,-1.0000,2.2997,2.5241,1,584.647,-1409.482
0.1000,0.004903,-1.0000,2.2997,1.7402,1,584.647,-1409.482
0.1000,0.005668,-1.0000,2.2997,0.1033,1,584.647,-1409.482
0.1000,0.005433,17.2760,2.4007,0.6224,1,584.647,-1409.482
0.1000,0.006139,-1.0000,2.4007,-0.7325,1,584.647,-1409.482
0.1000,0.005122,-1.0000,2.4007,-2.4077,1,584.647,-1409.482
0.1000,0.005512,-1.0000,2.4007,2.4096,1,584.647,-1409.482
0.1000,0.005811,-1.0000,2.4007,0.1786,1,584.647,-1409.482
0.1000,0.007059,-1.0000,2.4007,1.9912,1,584.647,-1409.482
0.1000,0.005087,-1.0000,2.4007,0.4044,1,584.647,-1409.482
0.1000,0.004791,-1.0000,2.4007,2.3303,1,584.647,-1409.482
0.1000,0.005781,-1.0000,2.4007,1.2131,1,584.647,-1409.482
0.1000,0.004101,-1.0000,2.4007,0.1203,1,584.647,-1409.482
0.1000,0.004812,13.9239,1.9516,-0.6037,1,584.647,-1409.482
0.1000,0.004259,-1.0000,1.9516,-0.7080,1,584.647,-1409.482
0.1000,0.004593,-1.0000,1.9516,0.4609,1,584.647,-1409.482
0.1000,0.005760,-1.0000,1.9516,0.4410,1,584.647,-1409.482
0.1000,0.006261,-1.0000,1.9516,-0.2379,1,584.647,-1409.482
0.1000,0.004480,-1.0000,1.9516,0.1977,1,584.647,-1409.482
0.1000,0.004337,-1.0000,1.9516,1.7520,1,584.647,-1409.482
0.1000,0.005372,-1.0000,1.9516,-0.5175,1,584.647,-1409.482
0.1000,0.005523,-1.0000,1.9516,-1.4968,1,584.647,-1409.482
0.1000,0.006174,-1.0000,1.9516,-1.0067,1,584.647,-1409.482
0.1000,0.006111,13.8477,1.9804,1.4874,1,584.647,-1409.482
0.1000,0.005458,-1.0000,1.9804,2.1683,1,584.647,-1409.482
0.1000,0.004613,-1.0000,1.9804,-1.3498,1,584.647,-1409.482
0.1000,0.005276,-1.0000,1.9804,-3.0788,1,584.647,-1409.482
0.1000,0.005762,-1.0000,1.9804,-0.4320,1,584.647,-1409.482
0.1000,0.007888,-1.0000,1.9804,0.5274,1,584.647,-1409.482
0.1000,0.004163,-1.0000,1.9804,0.1829,1,584.647,-1409.482
0.1000,0.004574,-1.0000,1.9804,-0.3143,1,584.647,-1409.482
0.1000,0.006239,-1.0000,1.9804,0.8080,1,584.647,-1409.482
0.1000,0.006754,-1.0000,1.9804,0.7893,1,584.647,-1409.482
0.1000,0.005748,13.7021,2.0729,1.3987,1,584.647,-1409.482
0.1000,0.007011,-1.0000,2.0729,0.7479,1,584.647,-1409.482
0.1000,0.005769,-1.0000,2.0729,-2.4238,1,584.647,-1409.482
0.1000,0.005864,-1.0000,2.0729,-0.2917,1,584.647,-1409.482
0.1000,0.005137,-1.0000,2.0729,-1.5367,1,584.647,-1409.482
0.1000,0.003748,-1.0000,2.0729,1.0662,1,584.647,-1409.482
0.1000,0.006257,-1.0000,2.0729,-0.4169,1,584.647,-1409.482
0.1000,0.005969,-1.0000,2.0729,-0.3288,1,584.647,-1409.482
0.1000,0.005215,-1.0000,2.0729,0.1646,1,584.647,-1409.482
0.1000,0.005964,-1.0000,2.0729,-0.0903,1,584.647,-1409.482
0.1000,0.007605,13.0377,1.7530,0.6292,1,584.647,-1409.482
0.1000,0.006099,-1.0000,1.7530,-0.7610,1,584.647,-1409.482
0.1000,0.006818,-1.0000,1.7530,-0.7879,1,584.647,-1409.482
0.1000,0.005614,-1.0000,1.7530,-3.3485,1,584.647,-1409.482
0.1000,0.005144,-1.0000,1.7530,-1.1572,1,584.647,-1409.482
0.1000,0.005351,-1.0000,1.7530,-0.1162,1,584.647,-1409.482
0.1000,0.006057,-1.0000,1.7530,0.3711,1,584.647,-1409.482
0.1000,0.005032,-1.0000,1.7530,-1.0705,1,584.647,-1409.482
0.1000,0.004852,-1.0000,1.7530,0.4553,1,584.647,-1409.482
0.1000,0.004813,-1.0000,1.7530,1.8782,1,584.647,-1409.482
0.1000,0.006753,17.0161,2.2357,1.7993,1,584.647,-1409.482
0.1000,0.005227,-1.0000,2.2357,0.5362,1,584.647,-1409.482
0.1000,0.005368,-1.0000,2.2357,-0.1287,1,584.647,-1409.482
0.1000,0.006247,-1.0000,2.2357,-0.4814,1,584.647,-1409.482
0.1000,0.005004,-1.0000,2.2357,-0.7152,1,584.647,-1409.482
0.1000,0.005288,-1.0000,2.2357,0.6870,1,584.647,-1409.482
0.1000,0.006002,-1.0000,2.2357,-0.7878,1,584.647,-1409.482
0.1000,0.006027,-1.0000,2.2357,-0.8523,1,584.647,-1409.482
0.1000,0.007401,-1.0000,2.2357,0.3325,1,584.647,-1409.482
0.1000,0.004276,-1.0000,2.2357,-1.6558,1,584.647,-1409.482
0.1000,0.005571,17.5723,2.4261,-0.0023,1,584.647,-1409.482
0.1000,0.005779,-1.0000,2.4261,0.2572,1,584.647,-1409.482
0.1000,0.004251,-1.0000,2.4261,-0.1442,1,584.647,-1409.482
0.1000,0.005536,-1.0000,2.4261,-1.3531,1,584.647,-1409.482
0.1000,0.004365,-1.0000,2.4261,0.0130,1,584.647,-1409.482
0.1000,0.004488,-1.0000,2.4261,1.7193,1,584.647,-1409.482
0.1000,0.006169,-1.0000,2.4261,-0.4826,1,584.647,-1409.482
0.1000,0.008003,-1.0000,2.4261,-2.0217,1,584.647,-1409.482
0.1000,0.002879,-1.0000,2.4261,0.0302,1,584.647,-1409.482
0.1000,0.004704,-1.0000,2.4261,0.5883,1,584.647,-1409.482
0.1000,0.006963,17.1311,2.2092,-1.3587,1,584.647,-1409.482
0.1000,0.004636,-1.0000,2.2092,0.8614,1,584.647,-1409.482
0.1000,0.005666,-1.0000,2.2092,-0.5799,1,584.647,-1409.482
0.1000,0.006002,-1.0000,2.2092,0.9000,1,584.647,-1409.482
0.1000,0.005573,-1.0000,2.2092,-0.5827,1,584.647,-1409.482
0.1000,0.006150,-1.0000,2.2092,-1.5683,1,584.647,-1409.482
0.1000,0.006366,-1.0000,2.2092,-0.5006,1,584.647,-1409.482
0.1000,0.005050,-1.0000,2.2092,0.2547,1,584.647,-1409.482
0.1000,0.004982,-1.0000,2.2092,-0.2227,1,584.647,-1409.482
0.1000,0.005761,-1.0000,2.2092,-0.1646,1,584.647,-1409.482
0.1000,0.004899,13.5856,1.7525,-1.0559,1,584.647,-1409.482
0.1000,0.005667,-1.0000,1.7525,0.7416,1,584.647,-1409.482
0.1000,0.005701,-1.0000,1.7525,1.2182,1,584.647,-1409.482
0.1000,0.004754,-1.0000,1.7525,-1.1128,1,584.647,-1409.482
0.1000,0.004121,-1.0000,1.7525,-0.0294,1,584.647,-1409.482
0.1000,0.004988,-1.0000,1.7525,-0.1426,1,584.647,-1409.482
0.1000,0.004728,-1.0000,1.7525,-1.1891,1,584.647,-1409.482
0.1000,0.006283,-1.0000,1.7525,0.1448,1,584.647,-1409.482
0.1000,0.005427,-1.0000,1.7525,-0.4376,1,584.647,-1409.482
0.1000,0.004736,-1.0000,1.7525,1.8454,1,584.647,-1409.482
0.1000,0.006027,14.0490,1.9936,1.3558,1,584.647,-1409.482
0.1000,0.004476,-1.0000,1.9936,0.5521,1,584.647,-1409.482
0.1000,0.005618,-1.0000,1.9936,-0.8051,1,584.647,-1409.482
0.1000,0.005209,-1.0000,1.9936,1.7059,1,584.647,-1409.482
0.1000,0.006909,-1.0000,1.9936,2.0435,1,584.647,-1409.482
0.1000,0.003939,-1.0000,1.9936,-0.7753,1,584.647,-1409.482
0.1000,0.003305,-1.0000,1.9936,-0.1639,1,584.647,-1409.482
0.1000,0.004716,-1.0000,1.9936,0.8429,1,584.647,-1409.482
0.1000,0.005200,-1.0000,1.9936,0.3767,1,584.647,-1409.482
0.1000,0.007704,-1.0000,1.9936,0.4507,1,584.647,-1409.482
0.1000,0.005985,16.0872,2.2087,-0.7402,1,584.647,-1409.482
0.1000,0.005230,-1.0000,2.2087,-0.1813,1,584.647,-1409.482
0.1000,0.005798,-1.0000,2.2087,1.0596,1,584.647,-1409.482
0.1000,0.004673,-1.0000,2.2087,1.1741,1,584.647,-1409.482
0.1000,0.005020,-1.0000,2.2087,-0.3760,1,584.647,-1409.482
0.1000,0.004516,-1.0000,2.2087,2.7741,1,584.647,-1409.482
0.1000,0.006823,-1.0000,2.2087,-2.3572,1,584.647,-1409.482
0.1000,0.005243,-1.0000,2.2087,1.6632,1,584.647,-1409.482
0.1000,0.005482,-1.0000,2.2087,-0.1792,1,584.647,-1409.482
0.1000,0.004831,-1.0000,2.2087,0.2562,1,584.647,-1409.482
0.1000,0.005100,18.1794,2.5087,0.1423,1,584.647,-1409.482
0.1000,0.004306,-1.0000,2.5087,-1.9891,1,584.647,-1409.482
0.1000,0.005425,-1.0000,2.5087,1.5911,1,584.647,-1409.482
0.1000,0.005485,-1.0000,2.5087,2.6126,1,584.647,-1409.482
0.1000,0.006578,-1.0000,2.5087,2.4275,1,584.647,-1409.482
0.1000,0.004902,-1.0000,2.5087,-0.6876,1,584.647,-1409.482
0.1000,0.004146,-1.0000,2.5087,1.1284,1,584.647,-1409.482
0.1000,0.006451,-1.0000,2.5087,1.4962,1,584.647,-1409.482
0.1000,0.005566,-1.0000,2.5087,-3.1196,1,584.647,-1409.482
0.1000,0.004534,-1.0000,2.5087,-0.3679,1,584.647,-1409.482
0.1000,0.005498,19.4684,2.8672,0.4938,1,584.647,-1409.482
0.1000,0.004187,-1.0000,2.8672,1.1372,1,584.647,-1409.482
0.1000,0.006151,-1.0000,2.8672,0.7464,1,584.647,-1409.482
0.1000,0.005502,-1.0000,2.8672,-0.0238,1,584.647,-1409.482
0.1000,0.005418,-1.0000,2.8672,-0.2746,1,584.647,-1409.482
0.1000,0.007044,-1.0000,2.8672,-2.4193,1,584.647,-1409.482
0.1000,0.006019,-1.0000,2.8672,0.2129,1,584.647,-1409.482
0.1000,0.004155,-1.0000,2.8672,-0.5602,1,584.647,-1409.482
0.1000,0.006914,-1.0000,2.8672,4.5877,1,584.647,-1409.482
0.1000,0.002985,-1.0000,2.8672,0.0363,1,584.647,-1409.482
0.1000,0.004988,17.6999,2.5739,0.5763,1,584.647,-1409.482
0.1000,0.003546,-1.0000,2.5739,1.8009,1,584.647,-1409.482
0.1000,0.004908,-1.0000,2.5739,-0.5574,1,584.647,-1409.482
0.1000,0.006444,-1.0000,2.5739,-1.1003,1,584.647,-1409.482
0.1000,0.004296,-1.0000,2.5739,1.6709,1,584.647,-1409.482
0.1000,0.004870,-1.0000,2.5739,-0.8290,1,584.647,-1409.482
0.1000,0.004811,-1.0000,2.5739,1.3552,1,584.647,-1409.482
0.1000,0.005569,-1.0000,2.5739,0.9628,1,584.647,-1409.482
0.1000,0.005896,-1.0000,2.5739,1.9222,1,584.647,-1409.482
0.1000,0.003349,-1.0000,2.5739,-1.4046,1,584.647,-1409.482
0.1000,0.006072,14.1485,1.8700,2.3538,1,584.647,-1409.482
0.1000,0.006137,-1.0000,1.8700,-0.8853,1,584.647,-1409.482
0.1000,0.004408,-1.0000,1.8700,0.9525,1,584.647,-1409.482
0.1000,0.006305,-1.0000,1.8700,-2.6475,1,584.647,-1409.482
0.1000,0.003970,-1.0000,1.8700,2.1229,1,584.647,-1409.482
0.1000,0.005512,-1.0000,1.8700,1.1946,1,584.647,-1409.482
0.1000,0.006142,-1.0000,1.8700,0.1451,1,584.647,-1409.482
0.1000,0.005298,-1.0000,1.8700,-3.2806,1,584.647,-1409.482
0.1000,0.006602,-1.0000,1.8700,1.2042,1,584.647,-1409.482
0.1000,0.005505,-1.0000,1.8700,0.6555,1,584.647,-1409.482
0.1000,0.005254,16.9145,2.3166,0.5616,1,584.647,-1409.482
0.1000,0.005400,-1.0000,2.3166,0.6218,1,584.647,-1409.482
0.1000,0.004952,-1.0000,2.3166,-0.9491,1,584.647,-1409.482
0.1000,0.005638,-1.0000,2.3166,-1.3903,1,584.647,-1409.482
0.1000,0.006713,-1.0000,2.3166,2.6122,1,584.647,-1409.482
0.1000,0.006564,-1.0000,2.3166,1.3960,1,584.647,-1409.482
0.1000,0.004870,-1.0000,2.3166,-0.3366,1,584.647,-1409.482
0.1000,0.006386,-1.0000,2.3166,0.1534,1,584.647,-1409.482
0.1000,0.006217,-1.0000,2.3166,1.0254,1,584.647,-1409.482
0.1000,0.006918,-1.0000,2.3166,-1.4347,1,584.647,-1409.482
0.1000,0.003384,17.0669,2.3708,5.0830,1,584.647,-1409.482
0.1000,0.006143,-1.0000,2.3708,0.4040,1,584.647,-1409.482
0.1000,0.005082,-1.0000,2.3708,0.1728,1,584.647,-1409.482
0.1000,0.004221,-1.0000,2.3708,-1.3297,1,584.647,-1409.482
0.1000,0.005735,-1.0000,2.3708,0.8512,1,584.647,-1409.482
0.1000,0.005639,-1.0000,2.3708,0.0472,1,584.647,-1409.482
0.1000,0.004605,-1.0000,2.3708,-0.8352,1,584.647,-1409.482
0.1000,0.006023,-1.0000,2.3708,0.5718,1,584.647,-1409.482
0.1000,0.005610,-1.0000,2.3708,-0.2756,1,584.647,-1409.482
0.1000,0.006116,-1.0000,2.3708,-1.8460,1,584.647,-1409.482
0.1000,0.004205,15.6037,2.0335,1.3672,1,584.647,-1409.482
0.1000,0.004094,-1.0000,2.0335,2.4363,1,584.647,-1409.482
0.1000,0.004400,-1.0000,2.0335,-1.8127,1,584.647,-1409.482
0.1000,0.005631,-1.0000,2.0335,-0.4244,1,584.647,-1409.482
0.1000,0.004599,-1.0000,2.0335,-0.7156,1,584.647,-1409.482
0.1000,0.005100,-1.0000,2.0335,-2.6877,1,584.647,-1409.482
0.1000,0.005782,-1.0000,2.0335,-0.4629,1,584.647,-1409.482
0.1000,0.006406,-1.0000,2.0335,0.3805,1,584.647,-1409.482
0.1000,0.005599,-1.0000,2.0335,0.4281,1,584.647,-1409.482
0.1000,0.002669,-1.0000,2.0335,0.1553,1,584.647,-1409.482
0.1000,0.005657,18.3713,2.4938,1.7056,1,584.647,-1409.482
0.1000,0.003595,-1.0000,2.4938,-1.6941,1,584.647,-1409.482
0.1000,0.004536,-1.0000,2.4938,-1.5866,1,584.647,-1409.482
0.1000,0.005170,-1.0000,2.4938,3.1201,1,584.647,-1409.482
0.1000,0.004324,-1.0000,2.4938,0.6118,1,584.647,-1409.482
0.1000,0.005287,-1.0000,2.4938,-0.8973,1,584.647,-1409.482
0.1000,0.004572,-1.0000,2.4938,-0.9271,1,584.647,-1409.482
0.1000,0.005591,-1.0000,2.4938,1.6833,1,584.647,-1409.482
0.1000,0.004723,-1.0000,2.4938,1.8790,1,584.647,-1409.482
0.1000,0.004945,-1.0000,2.4938,-0.2057,1,584.647,-1409.482
0.1000,0.005718,17.1656,2.5134,-1.2157,1,584.647,-1409.482
0.1000,0.004341,-1.0000,2.5134,2.9191,1,584.647,-1409.482
0.1000,0.004975,-1.0000,2.5134,-0.9610,1,584.647,-1409.482
0.1000,0.006431,-1.0000,2.5134,-0.1148,1,584.647,-1409.482
0.1000,0.005060,-1.0000,2.5134,-0.8206,1,584.647,-1409.482
0.1000,0.005640,-1.0000,2.5134,0.3261,1,584.647,-1409.482
0.1000,0.004593,-1.0000,2.5134,1.2671,1,584.647,-1409.482
0.1000,0.004414,-1.0000,2.5134,-0.0218,1,584.647,-1409.482
0.1000,0.004981,-1.0000,2.5134,1.1028,1,584.647,-1409.482
0.1000,0.004928,-1.0000,2.5134,-2.5136,1,584.647,-1409.482
0.1000,0.004788,15.7522,2.1057,-1.2202,1,584.647,-1409.482
0.1000,0.004465,-1.0000,2.1057,1.0399,1,584.647,-1409.482
0.1000,0.003906,-1.0000,2.1057,-0.1028,1,584.647,-1409.482
0.1000,0.005267,-1.0000,2.1057,0.2425,1,584.647,-1409.482
0.1000,0.005092,-1.0000,2.1057,-1.4947,1,584.647,-1409.482
0.1000,0.004608,-1.0000,2.1057,2.3767,1,584.647,-1409.482
0.1000,0.004402,-1.0000,2.1057,-0.6585,1,584.647,-1409.482
0.1000,0.006195,-1.0000,2.1057,2.3804,1,584.647,-1409.482
0.1000,0.007144,-1.0000,2.1057,-1.3896,1,584.647,-1409.482
0.1000,0.005769,-1.0000,2.1057,-1.7227,1,584.647,-1409.482
0.1000,0.006242,19.5168,2.9051,1.0200,1,584.647,-1409.482
0.1000,0.005007,-1.0000,2.9051,-0.5090,1,584.647,-1409.482
0.1000,0.005066,-1.0000,2.9051,-0.0872,1,584.647,-1409.482
0.1000,0.005287,-1.0000,2.9051,1.7720,1,584.647,-1409.482
0.1000,0.004523,-1.0000,2.9051,-1.5861,1,584.647,-1409.482
0.1000,0.004764,-1.0000,2.9051,2.7655,1,584.647,-1409.482
0.1000,0.004846,-1.0000,2.9051,0.7135,1,584.647,-1409.482
0.1000,0.005488,-1.0000,2.9051,-0.1494,1,584.647,-1409.482
0.1000,0.004729,-1.0000,2.9051,-1.5609,1,584.647,-1409.482
0.1000,0.004630,-1.0000,2.9051,-1.2164,1,584.647,-1409.482
0.1000,0.005214,16.9559,2.4642,1.0968,1,584.647,-1409.482
0.1000,0.005664,-1.0000,2.4642,1.3098,1,584.647,-1409.482
0.1000,0.006316,-1.0000,2.4642,-0.0881,1,584.647,-1409.482
0.1000,0.003866,-1.0000,2.4642,1.9419,1,584.647,-1409.482
0.1000,0.004364,-1.0000,2.4642,0.3691,1,584.647,-1409.482
0.1000,0.004799,-1.0000,2.4642,-0.3507,1,584.647,-1409.482
0.1000,0.005700,-1.0000,2.4642,-0.9275,1,584.647,-1409.482
0.1000,0.003480,-1.0000,2.4642,2.9233,1,584.647,-1409.482
0.1000,0.004914,-1.0000,2.4642,-0.7204,1,584.647,-1409.482
0.1000,0.006694,-1.0000,2.4642,-1.9473,1,584.647,-1409.482
0.1000,0.004525,16.0667,2.0669,-1.7528,1,584.647,-1409.482
0.1000,0.004802,-1.0000,2.0669,1.6100,1,584.647,-1409.482
0.1000,0.005231,-1.0000,2.0669,2.5048,1,584.647,-1409.482
0.1000,0.005376,-1.0000,2.0669,0.6927,1,584.647,-1409.482
0.1000,0.007500,-1.0000,2.0669,-0.9499,1,584.647,-1409.482
0.1000,0.005473,-1.0000,2.0669,-0.8742,1,584.647,-1409.482
0.1000,0.005650,-1.0000,2.0669,0.3423,1,584.647,-1409.482
0.1000,0.005681,-1.0000,2.0669,0.2274,1,584.647,-1409.482
0.1000,0.006819,-1.0000,2.0669,-4.0502,1,584.647,-1409.482
0.1000,0.004917,-1.0000,2.0669,-0.6349,1,584.647,-1409.482
0.1000,0.006517,17.3295,2.5441,-0.6652,1,584.647,-1409.482
0.1000,0.004225,-1.0000,2.5441,-1.5503,1,584.647,-1409.482
0.1000,0.004125,-1.0000,2.5441,0.3325,1,584.647,-1409.482
0.1000,0.005647,-1.0000,2.5441,-1.0575,1,584.647,-1409.482
0.1000,0.004857,-1.0000,2.5441,-1.6428,1,584.647,-1409.482
0.1000,0.005420,-1.0000,2.5441,1.3308,1,584.647,-1409.482
0.1000,0.005228,-1.0000,2.5441,1.0039,1,584.647,-1409.482
0.1000,0.006855,-1.0000,2.5441,-2.3060,1,584.647,-1409.482
0.1000,0.005122,-1.0000,2.5441,0.4737,1,584.647,-1409.482
0.1000,0.003732,-1.0000,2.5441,1.5229,1,584.647,-1409.482
0.1000,0.003075,5.8145,1.8504,0.8186,1,584.647,-1409.482
0.1000,0.004403,-1.0000,1.8504,-0.7485,1,584.647,-1409.482
0.1000,-0.535842,-1.0000,1.8504,-2.1417,1,584.647,-1409.482
0.1000,-0.535869,-1.0000,1.8504,-2.6018,1,584.647,-1409.482
0.1000,-0.534965,-1.0000,1.8504,-2.1237,1,584.647,-1409.482
0.1000,-0.536281,-1.0000,1.8504,-2.2851,1,584.647,-1409.482
0.1000,-0.534361,-1.0000,1.8504,-2.9913,1,584.647,-1409.482
0.1000,-0.535590,-1.0000,1.8504,-2.5193,1,584.647,-1409.482
0.1000,-0.535503,-1.0000,1.8504,-1.6602,1,584.647,-1409.482
0.1000,-0.535800,-1.0000,1.8504,-2.5443,1,584.647,-1409.482
0.1000,-0.534477,5.1016,2.0814,-2.4085,1,584.647,-1409.482
0.1000,-0.534228,-1.0000,2.0814,-2.7960,1,584.647,-1409.482
0.1000,-0.535076,-1.0000,2.0814,-3.2599,1,584.647,-1409.482
0.1000,-0.536707,-1.0000,2.0814,-2.8564,1,584.647,-1409.482
0.1000,-0.535583,-1.0000,2.0814,-2.0296,1,584.647,-1409.482
0.1000,-0.535272,-1.0000,2.0814,-1.3935,1,584.647,-1409.482
0.1000,-0.535355,-1.0000,2.0814,-1.9388,1,584.647,-1409.482
0.1000,-0.534732,-1.0000,2.0814,-2.4160,1,584.647,-1409.482
0.1000,-0.538166,-1.0000,2.0814,-2.4221,1,584.647,-1409.482
0.1000,-0.535751,-1.0000,2.0814,-2.4930,1,584.647,-1409.482
0.1000,-0.534962,3.5012,1.4774,-2.7465,1,584.647,-1409.482
0.1000,-0.534393,-1.0000,1.4774,-1.9468,1,584.647,-1409.482
0.1000,-0.537412,-1.0000,1.4774,-2.2742,1,584.647,-1409.482
0.1000,-0.535920,-1.0000,1.4774,-2.9909,1,584.647,-1409.482
0.1000,-0.536543,-1.0000,1.4774,-1.9183,1,584.647,-1409.482
0.1000,-0.536177,-1.0000,1.4774,-1.6779,1,584.647,-1409.482
0.1000,-0.536498,-1.0000,1.4774,-2.1551,1,584.647,-1409.482
0.1000,-0.534931,-1.0000,1.4774,-2.8681,1,584.647,-1409.482
0.1000,-0.533694,-1.0000,1.4774,-1.6410,1,584.647,-1409.482
0.1000,-0.535654,-1.0000,1.4774,-2.8046,1,584.647,-1409.482
0.1000,-0.535629,3.0506,1.4507,-2.5317,1,584.647,-1409.482
0.1000,-0.535533,-1.0000,1.4507,-2.5621,1,584.647,-1409.482
0.1000,-0.535671,-1.0000,1.4507,-2.7541,1,584.647,-1409.482
0.1000,-0.534927,-1.0000,1.4507,-2.7553,1,584.647,-1409.482
0.1000,-0.534025,-1.0000,1.4507,-2.7466,1,584.647,-1409.482
0.1000,-0.534830,-1.0000,1.4507,-3.1789,1,584.647,-1409.482
0.1000,-0.536020,-1.0000,1.4507,-2.3325,1,584.647,-1409.482
0.1000,-0.534618,-1.0000,1.4507,-2.2645,1,584.647,-1409.482
0.1000,-0.535185,-1.0000,1.4507,-1.5899,1,584.647,-1409.482
0.1000,-0.536143,-1.0000,1.4507,-2.2861,1,584.647,-1409.482
0.1000,-0.536697,3.9172,1.5409,-2.5979,1,584.647,-1409.482
0.1000,-0.535417,-1.0000,1.5409,-2.0453,1,584.647,-1409.482
0.1000,-0.535154,-1.0000,1.5409,-2.3525,1,584.647,-1409.482
0.1000,-0.535832,-1.0000,1.5409,-3.2037,1,584.647,-1409.482
0.1000,-0.534893,-1.0000,1.5409,-2.4751,1,584.647,-1409.482
0.1000,-0.534968,-1.0000,1.5409,-1.6480,1,584.647,-1409.482
0.1000,-0.534696,-1.0000,1.5409,-2.4886,1,584.647,-1409.482
0.1000,-0.536167,-1.0000,1.5409,-1.6680,1,584.647,-1409.482
0.1000,-0.536351,-1.0000,1.5409,-2.2350,1,584.647,-1409.482
0.1000,-0.536251,-1.0000,1.5409,-2.5627,1,584.647,-1409.482
0.1000,-0.534418,4.0759,1.4974,-1.2605,1,584.647,-1409.482
0.1000,-0.536647,-1.0000,1.4974,-2.5948,1,584.647,-1409.482
0.1000,-0.535652,-1.0000,1.4974,-2.3693,1,584.647,-1409.482
0.1000,-0.535613,-1.0000,1.4974,-1.4749,1,584.647,-1409.482
0.1000,-0.535292,-1.0000,1.4974,-2.9548,1,584.647,-1409.482
0.1000,-0.537257,-1.0000,1.4974,-2.4355,1,584.647,-1409.482
0.1000,-0.535713,-1.0000,1.4974,-1.8711,1,584.647,-1409.482
0.1000,-0.534936,-1.0000,1.4974,-2.4668,1,584.647,-1409.482
0.1000,-0.534438,-1.0000,1.4974,-1.4183,1,584.647,-1409.482
0.1000,-0.535474,-1.0000,1.4974,-2.9245,1,584.647,-1409.482
0.1000,-0.533754,3.4038,1.4737,-2.7223,1,584.647,-1409.482
0.1000,-0.536489,-1.0000,1.4737,-2.1313,1,584.647,-1409.482
0.1000,-0.536271,-1.0000,1.4737,-2.0892,1,584.647,-1409.482
0.1000,-0.534987,-1.0000,1.4737,-2.3270,1,584.647,-1409.482
0.1000,-0.534991,-1.0000,1.4737,-2.5905,1,584.647,-1409.482
0.1000,-0.536249,-1.0000,1.4737,-2.2589,1,584.647,-1409.482
0.1000,-0.534672,-1.0000,1.4737,-3.0075,1,584.647,-1409.482
0.1000,-0.536811,-1.0000,1.4737,-2.0147,1,584.647,-1409.482
0.1000,-0.536172,-1.0000,1.4737,-2.8295,1,584.647,-1409.482
0.1000,-0.536315,-1.0000,1.4737,-2.5750,1,584.647,-1409.482
0.1000,-0.535142,3.7637,1.4985,-3.1657,1,584.647,-1409.482
0.1000,-0.536239,-1.0000,1.4985,-1.3752,1,584.647,-1409.482
0.1000,-0.536510,-1.0000,1.4985,-2.5187,1,584.647,-1409.482
0.1000,-0.536069,-1.0000,1.4985,-1.5480,1,584.647,-1409.482
0.1000,-0.535900,-1.0000,1.4985,-2.6593,1,584.647,-1409.482
0.1000,-0.536630,-1.0000,1.4985,-1.7006,1,584.647,-1409.482
0.1000,-0.536297,-1.0000,1.4985,-1.0363,1,584.647,-1409.482
0.1000,-0.534109,-1.0000,1.4985,-1.7973,1,584.647,-1409.482
0.1000,-0.536006,-1.0000,1.4985,-1.5803,1,584.647,-1409.482
0.1000,-0.534715,-1.0000,1.4985,-2.1601,1,584.647,-1409.482
0.1000,-0.535545,4.4747,1.5925,-2.5642,1,584.647,-1409.482
0.1000,-0.535285,-1.0000,1.5925,-2.3221,1,584.647,-1409.482
0.1000,-0.535667,-1.0000,1.5925,-3.3179,1,584.647,-1409.482
0.1000,-0.534990,-1.0000,1.5925,-2.7827,1,584.647,-1409.482
0.1000,-0.535691,-1.0000,1.5925,-2.3951,1,584.647,-1409.482
0.1000,-0.536254,-1.0000,1.5925,-3.9676,1,584.647,-1409.482
0.1000,-0.537509,-1.0000,1.5925,-2.0634,1,584.647,-1409.482
0.1000,-0.535584,-1.0000,1.5925,-2.0685,1,584.647,-1409.482
0.1000,-0.534086,-1.0000,1.5925,-3.1987,1,584.647,-1409.482
0.1000,-0.536515,-1.0000,1.5925,-1.8801,1,584.647,-1409.482
0.1000,-0.536740,3.6504,1.4621,-2.5285,1,584.647,-1409.482
0.1000,-0.537080,-1.0000,1.4621,-2.1698,1,584.647,-1409.482
0.1000,-0.536262,-1.0000,1.4621,-2.7719,1,584.647,-1409.482
0.1000,-0.535666,-1.0000,1.4621,-1.5898,1,584.647,-1409.482
0.1000,-0.535104,-1.0000,1.4621,-1.8250,1,584.647,-1409.482
0.1000,-0.536068,-1.0000,1.4621,-2.7864,1,584.647,-1409.482
0.1000,-0.535399,-1.0000,1.4621,-2.2860,1,584.647,-1409.482
0.1000,-0.535730,-1.0000,1.4621,-2.3277,1,584.647,-1409.482
0.1000,-0.536840,-1.0000,1.4621,-1.8472,1,584.647,-1409.482
0.1000,-0.535974,-1.0000,1.4621,-2.0457,1,584.647,-1409.482
0.1000,-0.533907,3.2739,1.4988,-2.0411,1,584.647,-1409.482
0.1000,-0.535044,-1.0000,1.4988,-1.9995,1,584.647,-1409.482
0.1000,-0.537490,-1.0000,1.4988,-1.4579,1,584.647,-1409.482
0.1000,-0.535042,-1.0000,1.4988,-2.6452,1,584.647,-1409.482
0.1000,-0.535242,-1.0000,1.4988,-2.3364,1,584.647,-1409.482
0.1000,-0.535247,-1.0000,1.4988,-1.8628,1,584.647,-1409.482
0.1000,-0.535178,-1.0000,1.4988,-2.1427,1,584.647,-1409.482
0.1000,-0.535538,-1.0000,1.4988,-1.5590,1,584.647,-1409.482
0.1000,-0.534584,-1.0000,1.4988,-1.0050,1,584.647,-1409.482
0.1000,-0.536110,-1.0000,1.4988,-3.3213,1,584.647,-1409.482
0.1000,-0.535449,3.7198,1.5259,-3.0399,1,584.647,-1409.482
0.1000,-0.534317,-1.0000,1.5259,-2.3019,1,584.647,-1409.482
0.1000,-0.536735,-1.0000,1.5259,-1.7334,1,584.647,-1409.482
0.1000,-0.534839,-1.0000,1.5259,-2.8994,1,584.647,-1409.482
0.1000,-0.536210,-1.0000,1.5259,-2.2360,1,584.647,-1409.482
0.1000,-0.535890,-1.0000,1.5259,-2.5268,1,584.647,-1409.482
0.1000,-0.534969,-1.0000,1.5259,-2.1870,1,584.647,-1409.482
0.1000,-0.536979,-1.0000,1.5259,-2.4826,1,584.647,-1409.482
0.1000,-0.535438,-1.0000,1.5259,-2.2059,1,584.647,-1409.482
0.1000,-0.535297,-1.0000,1.5259,-1.7026,1,584.647,-1409.482
0.1000,-0.535348,4.1855,1.5082,-2.4189,1,584.647,-1409.482
0.1000,-0.535227,-1.0000,1.5082,-3.3919,1,584.647,-1409.482
0.1000,-0.534060,-1.0000,1.5082,-1.9492,1,584.647,-1409.482
0.1000,-0.535893,-1.0000,1.5082,-3.1839,1,584.647,-1409.482
0.1000,-0.535890,-1.0000,1.5082,-0.9938,1,584.647,-1409.482
0.1000,-0.535456,-1.0000,1.5082,-2.5760,1,584.647,-1409.482
0.1000,-0.535150,-1.0000,1.5082,-2.6767,1,584.647,-1409.482
0.1000,-0.535312,-1.0000,1.5082,-2.7464,1,584.647,-1409.482
0.1000,-0.535995,-1.0000,1.5082,-2.3899,1,584.647,-1409.482
0.1000,-0.535444,-1.0000,1.5082,-2.7425,1,584.647,-1409.482
0.1000,-0.535876,4.7188,1.5259,-1.7599,1,584.647,-1409.482
0.1000,-0.533977,-1.0000,1.5259,-2.8994,1,584.647,-1409.482
0.1000,-0.534716,-1.0000,1.5259,-2.4782,1,584.647,-1409.482
0.1000,-0.536147,-1.0000,1.5259,-1.6505,1,584.647,-1409.482
0.1000,-0.535452,-1.0000,1.5259,-2.3675,1,584.647,-1409.482
0.1000,-0.536327,-1.0000,1.5259,-1.4128,1,584.647,-1409.482
0.1000,-0.534299,-1.0000,1.5259,-1.8240,1,584.647,-1409.482
0.1000,-0.535055,-1.0000,1.5259,-2.1280,1,584.647,-1409.482
0.1000,-0.535056,-1.0000,1.5259,-3.2990,1,584.647,-1409.482
0.1000,-0.535308,-1.0000,1.5259,-2.4292,1,584.647,-1409.482
0.1000,-0.533170,3.6122,1.4802,-2.0390,1,584.647,-1409.482
0.1000,-0.535879,-1.0000,1.4802,-2.4620,1,584.647,-1409.482
0.1000,-0.535813,-1.0000,1.4802,-2.3724,1,584.647,-1409.482
0.1000,-0.534591,-1.0000,1.4802,-2.1134,1,584.647,-1409.482
0.1000,-0.535442,-1.0000,1.4802,-1.4876,1,584.647,-1409.482
0.1000,-0.535431,-1.0000,1.4802,-2.8215,1,584.647,-1409.482
0.1000,-0.535640,-1.0000,1.4802,-2.6656,1,584.647,-1409.482
0.1000,-0.533977,-1.0000,1.4802,-1.8531,1,584.647,-1409.482
0.1000,-0.535109,-1.0000,1.4802,-2.9210,1,584.647,-1409.482
0.1000,-0.536068,-1.0000,1.4802,-2.6942,1,584.647,-1409.482
0.1000,-0.533667,3.9687,1.5690,-2.1705,1,584.647,-1409.482
0.1000,-0.536515,-1.0000,1.5690,-1.8380,1,584.647,-1409.482
0.1000,-0.535963,-1.0000,1.5690,-2.8195,1,584.647,-1409.482
0.1000,-0.535712,-1.0000,1.5690,-1.3674,1,584.647,-1409.482
0.1000,-0.535735,-1.0000,1.5690,-2.9602,1,584.647,-1409.482
0.1000,-0.535441,-1.0000,1.5690,-3.0411,1,584.647,-1409.482
0.1000,-0.537517,-1.0000,1.5690,-1.4684,1,584.647,-1409.482
0.1000,-0.535214,-1.0000,1.5690,-1.6906,1,584.647,-1409.482
0.1000,-0.534912,-1.0000,1.5690,-2.5330,1,584.647,-1409.482
0.1000,-0.535996,-1.0000,1.5690,-2.2061,1,584.647,-1409.482
0.1000,-0.535684,3.7693,1.4828,-2.7574,1,584.647,-1409.482
0.1000,-0.533712,-1.0000,1.4828,-1.5291,1,584.647,-1409.482
0.1000,-0.536059,-1.0000,1.4828,-2.4963,1,584.647,-1409.482
0.1000,-0.535723,-1.0000,1.4828,-2.6496,1,584.647,-1409.482
0.1000,-0.534629,-1.0000,1.4828,-1.6761,1,584.647,-1409.482
0.1000,-0.535879,-1.0000,1.4828,-1.7670,1,584.647,-1409.482
0.1000,-0.535256,-1.0000,1.4828,-1.9210,1,584.647,-1409.482
0.1000,-0.536420,-1.0000,1.4828,-2.9048,1,584.647,-1409.482
0.1000,-0.534129,-1.0000,1.4828,-2.1829,1,584.647,-1409.482
0.1000,-0.535068,-1.0000,1.4828,-2.6598,1,584.647,-1409.482
0.1000,-0.535392,3.6629,1.4900,-2.5298,1,584.647,-1409.482
0.1000,-0.535321,-1.0000,1.4900,-2.4396,1,584.647,-1409.482
0.1000,-0.535356,-1.0000,1.4900,-2.1485,1,584.647,-1409.482
0.1000,-0.534675,-1.0000,1.4900,-1.7850,1,584.647,-1409.482
0.1000,-0.537728,-1.0000,1.4900,-1.8762,1,584.647,-1409.482
0.1000,-0.535389,-1.0000,1.4900,-2.1269,1,584.647,-1409.482
0.1000,-0.534821,-1.0000,1.4900,-1.4157,1,584.647,-1409.482
0.1000,-0.535389,-1.0000,1.4900,-2.7139,1,584.647,-1409.482
0.1000,-0.534749,-1.0000,1.4900,-2.3433,1,584.647,-1409.482
0.1000,-0.534422,-1.0000,1.4900,-2.7438,1,584.647,-1409.482
0.1000,-0.534255,4.0547,1.4814,-1.8718,1,584.647,-1409.482
0.1000,-0.536462,-1.0000,1.4814,-2.9800,1,584.647,-1409.482
0.1000,-0.534681,-1.0000,1.4814,-2.8971,1,584.647,-1409.482
0.1000,-0.534756,-1.0000,1.4814,-3.9296,1,584.647,-1409.482
0.1000,-0.535733,-1.0000,1.4814,-2.1477,1,584.647,-1409.482
0.1000,-0.537416,-1.0000,1.4814,-2.6897,1,584.647,-1409.482
0.1000,-0.534038,-1.0000,1.4814,-2.2431,1,584.647,-1409.482
0.1000,-0.536785,-1.0000,1.4814,-2.1342,1,584.647,-1409.482
0.1000,-0.535626,-1.0000,1.4814,-1.7467,1,584.647,-1409.482
0.1000,-0.534845,-1.0000,1.4814,-1.6046,1,584.647,-1409.482
0.1000,-0.534476,3.8210,1.5160,-1.7498,1,584.647,-1409.482
0.1000,-0.535521,-1.0000,1.5160,-2.5353,1,584.647,-1409.482
0.1000,-0.535277,-1.0000,1.5160,-2.7288,1,584.647,-1409.482
0.1000,-0.534977,-1.0000,1.5160,-1.4838,1,584.647,-1409.482
0.1000,-0.534456,-1.0000,1.5160,-1.9594,1,584.647,-1409.482
0.1000,-0.535161,-1.0000,1.5160,-2.0434,1,584.647,-1409.482
0.1000,-0.533598,-1.0000,1.5160,-1.9555,1,584.647,-1409.482
0.1000,-0.536884,-1.0000,1.5160,-2.6984,1,584.647,-1409.482
0.1000,-0.535528,-1.0000,1.5160,-1.9631,1,584.647,-1409.482
0.1000,-0.535125,-1.0000,1.5160,-2.3765,1,584.647,-1409.482
